event	A	PHOTO BOOTH & CHECK-IN		1	Photobooth wall with diecut	Vách photobooth có diecut	MDF board, PU paint, decal, diecut per design	Ván MDF, sơn PU, dán decal, diecut theo thiết kế	m²		650000.00	650000.00	650000.00			1
event	A	PHOTO BOOTH & CHECK-IN		2	Photobooth floor	Sàn photobooth	Scratch-resistant decal / PU-painted MDF board	Decal chống trầy / ván MDF sơn PU	m²		550000.00	550000.00	550000.00			2
event	A	PHOTO BOOTH & CHECK-IN		3	360 curved wall	Vách cong 360 (curved wall)	MDF board, PU paint, steel frame, diecut	Ván MDF, sơn PU, ốp khung sắt, diecut	m²		1250000.00	1250000.00	1250000.00			3
event	A	PHOTO BOOTH & CHECK-IN		4	Small diecut logo	Diecut logo nhỏ	Mounted foam board, matte lamination	Format bồi, cán mờ	Pc	Cái	200000.00	200000.00	200000.00			4
event	A	PHOTO BOOTH & CHECK-IN		5	Large brand diecut logo	Diecut logo lớn / logo thương hiệu	Raised diecut with lighting	Diecut nổi, có đèn	Pc	Cái	2000000.00	4000000.00	6000000.00			5
event	A	PHOTO BOOTH & CHECK-IN		6	Raised diecut element (small)	Diecut element nổi (nhỏ)	E.g. building, small icon	VD: toà nhà, biểu tượng nhỏ	Pc	Cái	3000000.00	3000000.00	3000000.00			6
event	A	PHOTO BOOTH & CHECK-IN		7	Raised diecut element (large)	Diecut element nổi (lớn)	E.g. train, large ring, raised event name	VD: con tàu, vòng tròn lớn, tên sự kiện nổi	Pc	Cái	5000000.00	5000000.00	6500000.00			7
event	A	PHOTO BOOTH & CHECK-IN		8	LED letter light-box mockup	Mockup hộp đèn chữ LED	Decal on 5mm foam board, CNC cut, recessed LED	Decal dán format 5mm, cắt CNC, LED âm	Pc	Cái	4500000.00	4500000.00	4500000.00			8
event	A	PHOTO BOOTH & CHECK-IN		9	Circular LED-edge mockup	Mockup hình tròn viền LED	~80cm diameter, 5mm foam board, LED edge	Đường kính ~80cm, format 5mm, viền LED	Pc	Cái	3000000.00	3000000.00	4000000.00			9
event	A	PHOTO BOOTH & CHECK-IN		10	LED light line for elements	Line đèn LED viền element	LED wash line along diecut edge	Đèn LED hắt viền diecut	m		200000.00	300000.00	350000.00			10
event	A	PHOTO BOOTH & CHECK-IN		11	QR code board	Bảng QR code	Foam board panel with QR code	Bảng format dán mã QR	Pc	Cái	100000.00	100000.00	100000.00			11
event	A	PHOTO BOOTH & CHECK-IN		12	Check-in desk cover	Cover bàn check-in	Foam board / decal wrap per design	Ốp format / decal theo thiết kế	Package	Gói	3000000.00	3000000.00	3000000.00	Estimated from an equivalent item	Ước theo hạng mục tương đương	12
event	B	AI PHOTOBOOTH & INTERACTIVE	PHOTOBOOTH AI & TƯƠNG TÁC	1	AI photobooth — QR download, no print	Photobooth AI — quét mã lấy ảnh (không in)	All-in for one station	Trọn gói 1 điểm	Package	Gói	13000000.00	13000000.00	13000000.00			13
event	B	AI PHOTOBOOTH & INTERACTIVE	PHOTOBOOTH AI & TƯƠNG TÁC	2	AI photobooth — full incl. printing	Photobooth AI — trọn bộ có in ảnh	Camera, tablet, licence, software, printing cost	Camera, tablet, license, phần mềm, chi phí in	Station	Trạm	4500000.00	4500000.00	4500000.00	Per station, from 3 stations upward	Giá cho mỗi trạm, từ 3 trạm trở lên	14
event	B	AI PHOTOBOOTH & INTERACTIVE	PHOTOBOOTH AI & TƯƠNG TÁC	3	Shared AI image-generation system	Hệ thống AI tạo ảnh dùng chung	Shared backend for multiple stations	Backend dùng chung cho nhiều trạm	Package	Gói	8000000.00	8000000.00	8000000.00	Mandatory when deploying 3 or more AI stations	Bắt buộc khi triển khai ≥ 3 trạm AI	15
event	B	AI PHOTOBOOTH & INTERACTIVE	PHOTOBOOTH AI & TƯƠNG TÁC	4	iPad stand / kiosk	Trụ iPad	Standing kiosk with iPad	Trụ đứng có iPad	Pc	Cái	2000000.00	2000000.00	2000000.00			16
event	B	AI PHOTOBOOTH & INTERACTIVE	PHOTOBOOTH AI & TƯƠNG TÁC	5	360 video photobooth	Video 360 photobooth	1m platform, video delivered via QR	Bục 1m, lấy video qua QR	Package	Gói	6500000.00	6500000.00	6500000.00			17
event	B	AI PHOTOBOOTH & INTERACTIVE	PHOTOBOOTH AI & TƯƠNG TÁC	6	Booth photography with QR delivery	Chụp ảnh tại gian hàng (QR lấy ảnh)	With photo frame, photo delivered via QR	Có khung chụp, lấy ảnh qua QR	Package	Gói	3500000.00	3500000.00	3500000.00			18
event	B	AI PHOTOBOOTH & INTERACTIVE	PHOTOBOOTH AI & TƯƠNG TÁC	7	Instant photo with on-site printing	Chụp ảnh lấy liền có in	Unlimited prints, 2 hours	Không giới hạn số lượng ảnh in, 2h	Package	Gói	5000000.00	5500000.00	8000000.00	Premium = 2–4h shift	Premium = ca 2–4h	19
event	B	AI PHOTOBOOTH & INTERACTIVE	PHOTOBOOTH AI & TƯƠNG TÁC	8	Interactive game	Game tương tác	On-site interactive game activity	Game hoạt náo tại sự kiện	Package	Gói	1000000.00	1000000.00	1000000.00			20
event	C	STAGE & LED SCREEN	SÂN KHẤU & MÀN HÌNH LED	1	LED screen P3	Màn hình LED P3	New P3 LED, 50cm base, black fabric skirt	LED P3 mới, chân cao 50cm, phủ vải đen	m²		900000.00	1000000.00	1000000.00			21
event	C	STAGE & LED SCREEN	SÂN KHẤU & MÀN HÌNH LED	2	LED screen P2.5	Màn hình LED P2.5	New P2.5 LED — fine pitch, high brightness	LED P2,5 mới + mịn + sáng	m²		1200000.00	1250000.00	1300000.00			22
event	C	STAGE & LED SCREEN	SÂN KHẤU & MÀN HÌNH LED	3	LED screen P1.9	Màn hình LED P1.9	New P1.9 LED — fine pitch, high brightness	LED P1,9 mới + mịn + sáng	m²		1800000.00	1800000.00	1800000.00			23
event	C	STAGE & LED SCREEN	SÂN KHẤU & MÀN HÌNH LED	4	Stage floor	Sàn sân khấu	MDF board with carpet / decal finish	Ván MDF, thảm / decal	m²		350000.00	350000.00	350000.00			24
event	C	STAGE & LED SCREEN	SÂN KHẤU & MÀN HÌNH LED	5	Carpeted ballroom floor	Sàn trải thảm hội trường	Floor carpeting	Thảm trải nền	m²		600000.00	600000.00	600000.00			25
event	C	STAGE & LED SCREEN	SÂN KHẤU & MÀN HÌNH LED	6	Stage steps set	Bộ tam cấp lên sân khấu	3-step set, carpet finish	Bộ 3 bậc, ốp thảm	Set	Bộ	3000000.00	3000000.00	3000000.00			26
event	C	STAGE & LED SCREEN	SÂN KHẤU & MÀN HÌNH LED	7	Star cloth backdrop	Màn sao (star cloth)	LED star cloth stage backdrop	Màn sao LED nền sân khấu	m²		350000.00	350000.00	350000.00			27
event	C	STAGE & LED SCREEN	SÂN KHẤU & MÀN HÌNH LED	8	Stage décor — basic	Décor sân khấu — cơ bản	Support frame + décor + simple design	Khung đỡ + décor + thiết kế đơn giản	Package	Gói	5000000.00	5000000.00	5000000.00			28
event	C	STAGE & LED SCREEN	SÂN KHẤU & MÀN HÌNH LED	9	Stage décor — 2 wings with LED	Décor sân khấu — 2 cánh có đèn LED	Two-wing décor set with integrated LED	Bộ décor 2 cánh tích hợp đèn LED	Package	Gói	30000000.00	30000000.00	35000000.00			29
event	C	STAGE & LED SCREEN	SÂN KHẤU & MÀN HÌNH LED	10	Brand light box	Hộp đèn logo thương hiệu	Acrylic light box, backlit decal	Hộp đèn mica, decal xuyên sáng	Package	Gói	4000000.00	4000000.00	4000000.00			30
event	C	STAGE & LED SCREEN	SÂN KHẤU & MÀN HÌNH LED	11	Illuminated raised lettering	Chữ nổi vào hộp có đèn (logo tên hội nghị)	Raised boxed lettering with lighting	Chữ vào hộp để cao có đèn	Pc	Cái	3000000.00	3500000.00	4000000.00			31
event	C	STAGE & LED SCREEN	SÂN KHẤU & MÀN HÌNH LED	12	Site standee wall	Standee vách tại site	Standee wall panel, foam board finish	Vách standee ốp format	Pc	Cái	2500000.00	2500000.00	2500000.00			32
event	C	STAGE & LED SCREEN	SÂN KHẤU & MÀN HÌNH LED	13	Exhibition info column	Trụ thông tin khu triển lãm	Info wall / column with decal wrap	Vách/trụ thông tin, ốp decal	m²		650000.00	650000.00	650000.00			33
event	C	STAGE & LED SCREEN	SÂN KHẤU & MÀN HÌNH LED	14	Exhibition column artwork	Artwork trụ thông tin	Printed artwork set for exhibition area	Bộ artwork in ấn cho khu triển lãm	Set	Bộ	15000000.00	15000000.00	15000000.00			34
event	C	STAGE & LED SCREEN	SÂN KHẤU & MÀN HÌNH LED	15	Column product mockup	Symptom / product mockup cột	MDF board, PU paint, decal, double-sided diecut	Ván MDF, sơn PU, dán decal, diecut 2 mặt	Pc	Cái	1000000.00	1000000.00	1000000.00			35
event	D	SOUND — LIGHTING — SPECIAL EFFECTS	ÂM THANH — ÁNH SÁNG — HIỆU ỨNG	1	Sound system	Hệ thống âm thanh	All-in, scaled to ballroom size	Trọn gói theo quy mô hội trường	Package	Gói	7000000.00	15000000.00	20000000.00	Standard interpolated for a 150–350 pax ballroom	Standard nội suy cho hội trường 150–350 pax	36
event	D	SOUND — LIGHTING — SPECIAL EFFECTS	ÂM THANH — ÁNH SÁNG — HIỆU ỨNG	2	Lighting system	Hệ thống ánh sáng	All-in, scaled to ballroom size	Trọn gói theo quy mô hội trường	Package	Gói	9000000.00	25000000.00	30000000.00			37
event	D	SOUND — LIGHTING — SPECIAL EFFECTS	ÂM THANH — ÁNH SÁNG — HIỆU ỨNG	3	Laser system	Hệ thống laser	Laser show system	Hệ thống laser trình diễn	Package	Gói	40000000.00	40000000.00	40000000.00	Large-scale events only	Chỉ áp dụng sự kiện quy mô lớn	38
event	D	SOUND — LIGHTING — SPECIAL EFFECTS	ÂM THANH — ÁNH SÁNG — HIỆU ỨNG	4	Exhibition area lighting	Ánh sáng khu triển lãm	Exhibition area lighting	Chiếu sáng khu trưng bày	Package	Gói	13000000.00	13000000.00	13000000.00			39
event	D	SOUND — LIGHTING — SPECIAL EFFECTS	ÂM THANH — ÁNH SÁNG — HIỆU ỨNG	5	Foyer spot lighting	Đèn chiếu không gian foyer	Foyer spot lighting	Đèn chiếu điểm khu vực foyer	Pc	Cái	400000.00	400000.00	400000.00			40
event	D	SOUND — LIGHTING — SPECIAL EFFECTS	ÂM THANH — ÁNH SÁNG — HIỆU ỨNG	6	50W flood light	Đèn pha 50W	Flood light for walls / booth	Đèn pha chiếu vách/gian hàng	Pc	Cái	300000.00	300000.00	300000.00			41
event	D	SOUND — LIGHTING — SPECIAL EFFECTS	ÂM THANH — ÁNH SÁNG — HIỆU ỨNG	7	Cool smoke effect	Khói hiệu ứng (cool smoke)	Cool smoke machine	Máy khói lạnh	Machine	Máy	2500000.00	2500000.00	2500000.00			42
event	D	SOUND — LIGHTING — SPECIAL EFFECTS	ÂM THANH — ÁNH SÁNG — HIỆU ỨNG	8	Smoke effect — package	Khói hiệu ứng — trọn gói	All-in smoke effect package	Trọn gói hiệu ứng khói	Package	Gói	10000000.00	10000000.00	10000000.00			43
event	D	SOUND — LIGHTING — SPECIAL EFFECTS	ÂM THANH — ÁNH SÁNG — HIỆU ỨNG	9	Confetti		Confetti cannon	Máy bắn kim tuyến	Machine	Máy	3500000.00	3500000.00	3500000.00			44
event	D	SOUND — LIGHTING — SPECIAL EFFECTS	ÂM THANH — ÁNH SÁNG — HIỆU ỨNG	10	Confetti — package	Confetti — trọn gói	All-in confetti moment package	Trọn gói confetti moment	Package	Gói	4000000.00	4000000.00	4000000.00			45
event	E	AV EQUIPMENT & TECHNICAL	THIẾT BỊ TRÌNH CHIẾU & KỸ THUẬT	1	Confidence monitor 55" / 60"	TV nhắc bài 55" / 60"	TV with stand, used as confidence monitor	TV có chân, dùng nhắc bài giảng	Pc	Cái	2500000.00	2500000.00	2500000.00			46
event	E	AV EQUIPMENT & TECHNICAL	THIẾT BỊ TRÌNH CHIẾU & KỸ THUẬT	2	TV 65"		Large-screen TV with stand	TV màn lớn có chân	Pc	Cái	4000000.00	4000000.00	4000000.00			47
event	E	AV EQUIPMENT & TECHNICAL	THIẾT BỊ TRÌNH CHIẾU & KỸ THUẬT	3	Touchscreen TV 50"	Tivi cảm ứng 50"	Interactive touchscreen display	Màn hình cảm ứng tương tác	Pc	Cái	4500000.00	4500000.00	4500000.00			48
event	E	AV EQUIPMENT & TECHNICAL	THIẾT BỊ TRÌNH CHIẾU & KỸ THUẬT	4	TV cover	Cover TV	Wooden stand with foam board front panel	Chân gỗ, ốp format phía trước	Package	Gói	3000000.00	3000000.00	3000000.00			49
event	E	AV EQUIPMENT & TECHNICAL	THIẾT BỊ TRÌNH CHIẾU & KỸ THUẬT	5	Interpreter booth + monitor	Cabin phiên dịch + monitor	Interpreter booth with monitor	Cabin phiên dịch cabin kèm màn hình	Package	Gói	1500000.00	1500000.00	1500000.00			50
event	E	AV EQUIPMENT & TECHNICAL	THIẾT BỊ TRÌNH CHIẾU & KỸ THUẬT	6	Interpretation headset	Bộ tai nghe phiên dịch	Wireless headset for delegates	Tai nghe không dây cho đại biểu	Pc	Cái	80000.00	80000.00	80000.00			51
event	E	AV EQUIPMENT & TECHNICAL	THIẾT BỊ TRÌNH CHIẾU & KỸ THUẬT	7	Laptop for slides / AV desk	Máy tính chạy slide / bàn AV	Presentation laptop	Laptop trình chiếu	Pc	Cái	300000.00	300000.00	300000.00			52
event	E	AV EQUIPMENT & TECHNICAL	THIẾT BỊ TRÌNH CHIẾU & KỸ THUẬT	8	Laser pointer / clicker	Laser pointer / bút chỉ	Presentation clicker	Bút trình chiếu	Pc	Cái	300000.00	300000.00	300000.00	Usually 2 units FOC	Thường FOC 2 cái	53
event	E	AV EQUIPMENT & TECHNICAL	THIẾT BỊ TRÌNH CHIẾU & KỸ THUẬT	9	Show technical direction	Kỹ thuật chương trình (đạo diễn kỹ thuật)	LED, sound, lighting, laser, slides	LED, âm thanh, ánh sáng, laser, slide	Package	Gói	5000000.00	5000000.00	6000000.00			54
event	E	AV EQUIPMENT & TECHNICAL	THIẾT BỊ TRÌNH CHIẾU & KỸ THUẬT	10	Dedicated internet line	Internet đường truyền riêng	VNPT — dedicated line for livestream	VNPT — đường truyền riêng cho livestream	Package	Gói	4060000.00	4070000.00	4070000.00			55
event	F	LOGISTICS, SETUP & CREW	VẬN CHUYỂN, LẮP ĐẶT & NHÂN SỰ	1	Round-trip transport — in-city	Vận chuyển 2 chiều — nội thành	Within HCMC / Hanoi / Da Nang	HCM / HN / ĐN nội thành	Package	Gói	15000000.00	15000000.00	15000000.00			56
event	F	LOGISTICS, SETUP & CREW	VẬN CHUYỂN, LẮP ĐẶT & NHÂN SỰ	2	Round-trip transport — inter-province	Vận chuyển 2 chiều — liên tỉnh	Da Nang, Can Tho, Phu Quoc, remote provinces	ĐN, Cần Thơ, Phú Quốc, tỉnh xa	Package	Gói	35000000.00	35000000.00	45000000.00			57
event	F	LOGISTICS, SETUP & CREW	VẬN CHUYỂN, LẮP ĐẶT & NHÂN SỰ	3	Setup & dismantling — small/medium	Lắp đặt & tháo dỡ — quy mô nhỏ/vừa	Includes rehearsal one day prior	Bao gồm rehearsal trước 1 ngày	Package	Gói	10000000.00	10000000.00	10000000.00			58
event	F	LOGISTICS, SETUP & CREW	VẬN CHUYỂN, LẮP ĐẶT & NHÂN SỰ	4	Setup & dismantling — large scale	Lắp đặt & tháo dỡ — quy mô lớn	Large stage, multiple elements	Sân khấu lớn, nhiều hạng mục	Package	Gói	35000000.00	35000000.00	35000000.00			59
event	F	LOGISTICS, SETUP & CREW	VẬN CHUYỂN, LẮP ĐẶT & NHÂN SỰ	5	On-site technician	Nhân sự kỹ thuật onsite	Technician, daily rate	Nhân sự kỹ thuật theo ngày	Person	Người	3000000.00	3000000.00	3000000.00			60
event	F	LOGISTICS, SETUP & CREW	VẬN CHUYỂN, LẮP ĐẶT & NHÂN SỰ	6	On-site escort / usher	Escort / lễ tân onsite	Support crew on site	Nhân sự hỗ trợ tại sự kiện	Person	Người	500000.00	500000.00	500000.00			61
event	F	LOGISTICS, SETUP & CREW	VẬN CHUYỂN, LẮP ĐẶT & NHÂN SỰ	7	Project account / producer	Account theo dõi dự án	Coordination before, during & after the event	Điều phối trước – trong – sau sự kiện	Person	Người	4000000.00	12000000.00	20000000.00	Depends on complexity & number of sites	Theo độ phức tạp & số site	62
event	F	LOGISTICS, SETUP & CREW	VẬN CHUYỂN, LẮP ĐẶT & NHÂN SỰ	8	Project team travel	Chi phí công tác (travel) cho team dự án	Airfare, accommodation & transfers, per trip	Vé, lưu trú, đi lại cho 1 chuyến	Person/trip	Người/chuyến	4000000.00	5000000.00	6000000.00			63
event	F	LOGISTICS, SETUP & CREW	VẬN CHUYỂN, LẮP ĐẶT & NHÂN SỰ	9	Miscellaneous / contingency	Chi phí phát sinh dự phòng	Contingency for on-site variations	Dự phòng phát sinh onsite	Package	Gói	5000000.00	10000000.00	10000000.00	Typically 3–5% of production value	Thường 3–5% giá trị sản xuất	64
event	G	F&B, GIFTS & KEY MOMENTS	F&B, QUÀ TẶNG & KHOẢNH KHẮC	1	Tea break	Teabreak	Per head	Theo đầu người	Pax		120000.00	120000.00	120000.00	Excludes hotel charges if booked separately	Chưa gồm phí khách sạn nếu book riêng	65
design	A	IDENTITY & KEY VISUAL	NHẬN DIỆN & KEY VISUAL	1	Key Visual design	Thiết kế Key Visual (KV)	Master KV for the campaign/event, 2 revision rounds	KV chính của chiến dịch/sự kiện, 2 vòng chỉnh sửa	Package	Gói	5000000.00	10000000.00	15000000.00	Basic: internal / single-site · Premium: multi-site campaign	Basic: sự kiện nội bộ/1 site · Premium: chiến dịch đa site	1
design	A	IDENTITY & KEY VISUAL	NHẬN DIỆN & KEY VISUAL	2	Dynamic KV design	Thiết kế KV động (Dynamic KV)	Motion KV for LED, backdrop & social	KV chuyển động dùng cho LED/backdrop/social	Package	Gói	3000000.00	5000000.00	5000000.00			2
design	A	IDENTITY & KEY VISUAL	NHẬN DIỆN & KEY VISUAL	3	Additional KV route	Phương án KV bổ sung	Each additional KV route presented in the same round	Mỗi phương án KV thứ 2 trở đi trình cùng lượt	Route	Phương án	3000000.00	5000000.00	7000000.00	Usually charged at 60–70% of the master KV rate	Thường tính 60–70% giá KV gốc	3
design	A	IDENTITY & KEY VISUAL	NHẬN DIỆN & KEY VISUAL	4	KV adaptation / resize	Adapt KV sang kích thước khác	Same concept, relaid out to a new ratio	Giữ nguyên concept, dàn lại theo tỉ lệ mới	Size		300000.00	500000.00	800000.00	From the 2nd size; 10+ sizes should roll into the 2D package	Áp dụng từ size thứ 2; ≥10 size nên gộp vào gói 2D	4
design	A	IDENTITY & KEY VISUAL	NHẬN DIỆN & KEY VISUAL	5	Event logo lockup	Logo / lockup sự kiện	Dedicated congress/campaign logo, 3 routes	Logo riêng cho hội nghị/chiến dịch, 3 phương án	Package	Gói	4000000.00	8000000.00	15000000.00	Includes vector files + basic usage guide	Bao gồm file vector + hướng dẫn dùng cơ bản	5
design	A	IDENTITY & KEY VISUAL	NHẬN DIỆN & KEY VISUAL	6	Event identity mini guideline	Mini guideline nhận diện sự kiện	Colour, font & KV usage standards for all vendors	Quy chuẩn màu, font, cách dùng KV cho các bên thi công	Package	Gói	5000000.00	10000000.00	18000000.00	Recommended when 3 or more vendors build in parallel	Nên bán kèm khi có ≥3 nhà thầu cùng thi công	6
design	B	EVENT COLLATERAL PACKAGE (2D / 3D)	GÓI ẤN PHẨM SỰ KIỆN (2D / 3D)	1	2D design package	Gói thiết kế 2D	Invitation, backdrop, hashtag, standee, handout, collateral	Thiệp mời, backdrop, hashtag, standee, handout, ấn phẩm	Package	Gói	8000000.00	15000000.00	35000000.00	Premium: multi-site collateral set, 15+ items	Premium: bộ ấn phẩm đa site, ≥15 đầu mục	7
design	B	EVENT COLLATERAL PACKAGE (2D / 3D)	GÓI ẤN PHẨM SỰ KIỆN (2D / 3D)	2	3D design package	Gói thiết kế 3D	3D renders of stage, photobooth & exhibition booth	Phối cảnh 3D sân khấu, photobooth, booth triển lãm	Package	Gói	6000000.00	10000000.00	30000000.00	Premium: multiple routes + detailed renders	Premium: nhiều phương án + render chi tiết	8
design	B	EVENT COLLATERAL PACKAGE (2D / 3D)	GÓI ẤN PHẨM SỰ KIỆN (2D / 3D)	3	Single 2D item design	Thiết kế lẻ ấn phẩm 2D	When the client needs only 1–2 items, not the full package	Khi client chỉ cần 1–2 đầu mục, không lấy trọn gói	Item	Đầu mục	1500000.00	2500000.00	4000000.00	6+ items — the 2D package is better value	≥6 đầu mục nên chuyển sang gói 2D cho lợi hơn	9
design	B	EVENT COLLATERAL PACKAGE (2D / 3D)	GÓI ẤN PHẨM SỰ KIỆN (2D / 3D)	4	Exhibition artwork set	Artwork khu triển lãm / trụ thông tin	Artwork set for columns, walls & exhibition area	Bộ artwork cho trụ, vách, khu trưng bày	Set	Bộ	8000000.00	15000000.00	15000000.00			10
design	B	EVENT COLLATERAL PACKAGE (2D / 3D)	GÓI ẤN PHẨM SỰ KIỆN (2D / 3D)	5	Event packaging / gift box design	Thiết kế bao bì / hộp quà sự kiện	Dieline layout, gift box artwork, bags & labels	Dàn khuôn bế, artwork hộp quà, túi, tem nhãn	Package	Gói	3000000.00	6000000.00	12000000.00	Excludes die-cutting cost — see sheet 4. PRINTING	Chưa gồm phí bế khuôn — xem sheet 4. IN ẤN	11
design	C	OOH & VISUAL COMMUNICATION	QUẢNG CÁO NGOÀI TRỜI & TRUYỀN THÔNG THỊ GIÁC	1	Digital banner (web / social)	Banner digital (web / social)	One master size, KV already available	1 kích thước gốc, đã có KV sẵn	Pc	Cái	800000.00	1500000.00	2500000.00	Without an existing KV, add the KV design fee	Chưa có KV: cộng thêm phí thiết kế KV	12
design	C	OOH & VISUAL COMMUNICATION	QUẢNG CÁO NGOÀI TRỜI & TRUYỀN THÔNG THỊ GIÁC	2	Digital banner set	Bộ banner digital theo chiến dịch	Full set of 8–12 sizes for web, social & GDN	Trọn bộ 8–12 size cho web, social, GDN	Set	Bộ	5000000.00	9000000.00	15000000.00	~30% cheaper than ordering each size separately	Rẻ hơn ~30% so với đặt lẻ từng size	13
design	C	OOH & VISUAL COMMUNICATION	QUẢNG CÁO NGOÀI TRỜI & TRUYỀN THÔNG THỊ GIÁC	3	Outdoor banner / street banner	Banner / băng rôn ngoài trời	Hi-flex, PP, hanging banner — large-format print file	Hi-flex, PP, phông treo — file in khổ lớn	Design	Mẫu	1500000.00	2500000.00	4000000.00	Excludes printing cost — see sheet 4. PRINTING	Chưa gồm chi phí in — xem sheet 4. IN ẤN	14
design	C	OOH & VISUAL COMMUNICATION	QUẢNG CÁO NGOÀI TRỜI & TRUYỀN THÔNG THỊ GIÁC	4	Poster		A2–A0, 300dpi print file	Khổ A2–A0, file in 300dpi	Design	Mẫu	1500000.00	3000000.00	5000000.00	Premium: scientific poster / complex infographic	Premium: poster khoa học/infographic phức tạp	15
design	C	OOH & VISUAL COMMUNICATION	QUẢNG CÁO NGOÀI TRỜI & TRUYỀN THÔNG THỊ GIÁC	5	Billboard / OOH panel	Billboard / pano OOH	Large-format design with viewing-distance calculation	Thiết kế khổ lớn, tính toán khoảng cách nhìn	Design	Mẫu	5000000.00	8000000.00	15000000.00	Premium: multi-location set, multiple panel ratios	Premium: bộ nhiều điểm, nhiều tỉ lệ pano	16
design	C	OOH & VISUAL COMMUNICATION	QUẢNG CÁO NGOÀI TRỜI & TRUYỀN THÔNG THỊ GIÁC	6	Standee / roll-up		Standard 0.8×2m or 0.6×1.6m	Chuẩn 0,8×2m hoặc 0,6×1,6m	Design	Mẫu	1000000.00	1500000.00	2500000.00			17
design	C	OOH & VISUAL COMMUNICATION	QUẢNG CÁO NGOÀI TRỜI & TRUYỀN THÔNG THỊ GIÁC	7	Backdrop design	Backdrop / phông nền sự kiện	Stage, photobooth & check-in backdrop	Backdrop sân khấu, photobooth, khu check-in	Design	Mẫu	2000000.00	3000000.00	5000000.00	Already included if the full 2D package is taken	Đã bao gồm trong gói 2D nếu lấy trọn gói	18
design	C	OOH & VISUAL COMMUNICATION	QUẢNG CÁO NGOÀI TRỜI & TRUYỀN THÔNG THỊ GIÁC	8	Hashtag props design	Hashtag cầm tay & props	Diecut hashtag & photo props	Diecut hashtag, props chụp ảnh	Set	Bộ	300000.00	300000.00	300000.00			19
design	C	OOH & VISUAL COMMUNICATION	QUẢNG CÁO NGOÀI TRỜI & TRUYỀN THÔNG THỊ GIÁC	9	Wayfinding signage	Wayfinding / bảng chỉ dẫn	Directional signs, floor plans & zone boards	Bảng chỉ dẫn, sơ đồ, bảng khu vực	Set	Bộ	2000000.00	4000000.00	7000000.00			20
design	D	MARKETING MATERIALS & COLLATERAL	MATERIAL & ẤN PHẨM MARKETING	1	Brochure / folded leaflet	Brochure / leaflet gấp	2–3 folds, up to 6 panels	Gấp 2–3, tối đa 6 mặt	Design	Mẫu	3000000.00	5000000.00	8000000.00	From the 7th panel, charged at the per-page rate	Từ mặt thứ 7 tính theo đơn giá trang	21
design	D	MARKETING MATERIALS & COLLATERAL	MATERIAL & ẤN PHẨM MARKETING	2	Flyer A5–A4	Flyer / tờ rơi A5–A4	Double-sided, 300dpi print file	2 mặt, file in 300dpi	Design	Mẫu	1500000.00	2500000.00	4000000.00			22
design	D	MARKETING MATERIALS & COLLATERAL	MATERIAL & ẤN PHẨM MARKETING	3	Catalogue / booklet — per page	Catalogue / booklet — theo trang	Content layout, KV & copy already supplied	Dàn trang nội dung, đã có KV & nội dung sẵn	Page	Trang	500000.00	800000.00	1200000.00	Cover counts as 2 content pages	Bìa tính bằng 2 trang nội dung	23
design	D	MARKETING MATERIALS & COLLATERAL	MATERIAL & ẤN PHẨM MARKETING	4	Conference handout	Handout / tài liệu hội nghị	Conference handout set, scientific layout	Bộ tài liệu phát tại hội nghị, dàn trang khoa học	Set	Bộ	3000000.00	5000000.00	8000000.00			24
design	D	MARKETING MATERIALS & COLLATERAL	MATERIAL & ẤN PHẨM MARKETING	5	Printed invitation	Thiệp mời (bản in)	Folded invitation with diecut per design	Thiệp gập, có diecut theo thiết kế	Design	Mẫu	1500000.00	3000000.00	5000000.00			25
design	D	MARKETING MATERIALS & COLLATERAL	MATERIAL & ẤN PHẨM MARKETING	6	Company profile		12–20 page capability profile	Hồ sơ năng lực 12–20 trang	Package	Gói	8000000.00	15000000.00	25000000.00	Excludes photography & copywriting	Chưa gồm chụp ảnh & viết nội dung	26
design	D	MARKETING MATERIALS & COLLATERAL	MATERIAL & ẤN PHẨM MARKETING	7	Infographic		Data visualisation, single A4/A3 page	Sơ đồ hoá dữ liệu, 1 trang A4/A3	Design	Mẫu	1500000.00	3000000.00	5000000.00	Premium: multi-layered medical data infographic	Premium: infographic dữ liệu y khoa nhiều lớp	27
design	D	MARKETING MATERIALS & COLLATERAL	MATERIAL & ẤN PHẨM MARKETING	8	Stationery set	Bộ văn phòng phẩm	Business card, letterhead, folder, envelope	Namecard, letterhead, folder, phong bì	Set	Bộ	3000000.00	5000000.00	8000000.00			28
design	D	MARKETING MATERIALS & COLLATERAL	MATERIAL & ẤN PHẨM MARKETING	9	Presentation template	Template trình chiếu (PPT / Keynote)	Master slide, 10–20 branded layouts	Master slide, 10–20 layout theo nhận diện	Set	Bộ	3000000.00	6000000.00	10000000.00	Premium: scientific template with pre-built charts	Premium: template khoa học có biểu đồ dựng sẵn	29
design	D	MARKETING MATERIALS & COLLATERAL	MATERIAL & ẤN PHẨM MARKETING	10	Speaker deck layout	Dàn trang slide bài giảng speaker	Standardising speaker slides to the event identity	Chuẩn hoá slide bài giảng theo nhận diện sự kiện	Slide		150000.00	250000.00	400000.00	Minimum 20 slides per order	Tối thiểu 20 slide/lượt	30
design	E	DIGITAL — LANDING PAGE, WEBSITE & eDA	DIGITAL — LANDING PAGE, WEBSITE & eDM	1	Event landing page	Landing page sự kiện	Code, hosting, design, updates before & after the event	Code, hosting, design, update trước & sau sự kiện	Package	Gói	10000000.00	10000000.00	15000000.00	Includes registration form & hosting for the event period	Đã gồm form đăng ký & hosting trong thời gian sự kiện	31
design	E	DIGITAL — LANDING PAGE, WEBSITE & eDA	DIGITAL — LANDING PAGE, WEBSITE & eDM	2	Campaign landing page	Landing page chiến dịch marketing	Multi-section, conversion-optimised, with tracking	Nhiều section, tối ưu chuyển đổi, tracking	Package	Gói	12000000.00	20000000.00	30000000.00	Includes basic GA4 / pixel setup	Đã gồm gắn GA4 / pixel cơ bản	32
design	E	DIGITAL — LANDING PAGE, WEBSITE & eDA	DIGITAL — LANDING PAGE, WEBSITE & eDM	3	Corporate website (5–8 pages)	Website giới thiệu (5–8 trang)	Design + responsive build, basic CMS	Thiết kế + code responsive, CMS cơ bản	Package	Gói	25000000.00	45000000.00	70000000.00	Excludes copy & licensed imagery	Chưa gồm nội dung & hình ảnh bản quyền	33
design	E	DIGITAL — LANDING PAGE, WEBSITE & eDA	DIGITAL — LANDING PAGE, WEBSITE & eDM	4	Enterprise website / full CMS	Website doanh nghiệp / CMS đầy đủ	Multilingual, role-based access, API integration	Đa ngôn ngữ, phân quyền, tích hợp API	Package	Gói	60000000.00	100000000.00	180000000.00	Quoted against actual scope after the workshop	Báo giá theo scope thực tế sau workshop	34
design	E	DIGITAL — LANDING PAGE, WEBSITE & eDA	DIGITAL — LANDING PAGE, WEBSITE & eDM	5	Microsite / e-invitation	Microsite / thiệp mời điện tử	Interactive invite page, RSVP & add-to-calendar	Trang mời tương tác, RSVP, thêm vào lịch	Package	Gói	3000000.00	5000000.00	8000000.00			35
design	E	DIGITAL — LANDING PAGE, WEBSITE & eDA	DIGITAL — LANDING PAGE, WEBSITE & eDM	6	eDA / email template (single)	eDA / email template (1 mẫu)	Design + responsive HTML build, client testing	Thiết kế + cắt HTML responsive, test client	Design	Mẫu	1500000.00	2500000.00	4000000.00	Tested on Gmail, Outlook & mobile	Đã test Gmail, Outlook, mobile	36
design	E	DIGITAL — LANDING PAGE, WEBSITE & eDA	DIGITAL — LANDING PAGE, WEBSITE & eDM	7	eDA campaign series	Chuỗi eDA chiến dịch	Series of 3–5: invite, reminder, thank-you, follow-up	Chuỗi 3–5 mẫu: mời, nhắc, cảm ơn, follow-up	Series	Chuỗi	5000000.00	8000000.00	12000000.00	~25% cheaper than ordering each template separately	Rẻ hơn ~25% so với đặt lẻ từng mẫu	37
design	E	DIGITAL — LANDING PAGE, WEBSITE & eDA	DIGITAL — LANDING PAGE, WEBSITE & eDM	8	eDA deployment & send	Triển khai & gửi eDA	List upload, send-out, open/click reporting	Nạp danh sách, gửi, báo cáo mở/click	Send-out	Lượt gửi	2000000.00	3000000.00	5000000.00	Excludes email platform fees	Chưa gồm phí nền tảng gửi mail	38
design	E	DIGITAL — LANDING PAGE, WEBSITE & eDA	DIGITAL — LANDING PAGE, WEBSITE & eDM	9	Social media template kit	Bộ template social media	Branded post & story template set	Bộ post/story template theo nhận diện	Set	Bộ	3000000.00	6000000.00	10000000.00			39
design	E	DIGITAL — LANDING PAGE, WEBSITE & eDA	DIGITAL — LANDING PAGE, WEBSITE & eDM	10	Hosting, domain & maintenance / year	Hosting, domain & bảo trì / năm	Maintenance, backup & periodic content updates	Duy trì, backup, cập nhật nội dung định kỳ	Year	Năm	5000000.00	8000000.00	12000000.00	The event landing page already includes the first year	Landing page sự kiện đã bao gồm năm đầu	40
design	F	VIDEO PRODUCTION — PRE-PRODUCTION	SẢN XUẤT VIDEO — TIỀN KỲ	1	Storyboard		Storyboard drawing, per scene	Vẽ storyboard theo scene	Scene		400000.00	400000.00	400000.00	Same rate across all projects	Giá thống nhất mọi dự án	41
design	F	VIDEO PRODUCTION — PRE-PRODUCTION	SẢN XUẤT VIDEO — TIỀN KỲ	2	Video script & concept	Kịch bản & concept video	Script development & creative concept	Xây dựng kịch bản, concept sáng tạo	Package	Gói	3000000.00	5000000.00	8000000.00	Estimate — no direct reference rate yet	Ước tính — chưa có giá tham chiếu trực tiếp	42
design	G	VIDEO PRODUCTION — PRODUCTION & POST	SẢN XUẤT VIDEO — SẢN XUẤT & HẬU KỲ	1	2D animation	Animation 2D	Animation build, per scene	Dựng animation theo scene	Scene		1500000.00	1500000.00	3000000.00	Premium: complex, multi-layered animation	Premium: animation phức tạp, nhiều lớp	43
design	G	VIDEO PRODUCTION — PRODUCTION & POST	SẢN XUẤT VIDEO — SẢN XUẤT & HẬU KỲ	2	Voice talent		Professional voice-over recording	Thu âm giọng đọc chuyên nghiệp	Package	Gói	10000000.00	15000000.00	15000000.00			44
design	G	VIDEO PRODUCTION — PRODUCTION & POST	SẢN XUẤT VIDEO — SẢN XUẤT & HẬU KỲ	3	Speaker talk recording	Record bài nói speaker	Audio/video recording of the talk	Thu âm/thu hình bài nói	Package	Gói	2000000.00	2000000.00	2000000.00			45
design	G	VIDEO PRODUCTION — PRODUCTION & POST	SẢN XUẤT VIDEO — SẢN XUẤT & HẬU KỲ	4	Video editor		Video editing & finishing	Dựng & hoàn thiện video	Package	Gói	3000000.00	3000000.00	3000000.00	Same rate across all projects	Giá thống nhất mọi dự án	46
design	G	VIDEO PRODUCTION — PRODUCTION & POST	SẢN XUẤT VIDEO — SẢN XUẤT & HẬU KỲ	5	Sound effects & music		Licensed music + sound effects	Nhạc nền bản quyền + hiệu ứng âm thanh	Package	Gói	4000000.00	4000000.00	4000000.00	Same rate across all projects	Giá thống nhất mọi dự án	47
design	G	VIDEO PRODUCTION — PRODUCTION & POST	SẢN XUẤT VIDEO — SẢN XUẤT & HẬU KỲ	6	Interview filming / video recording	Quay phim phỏng vấn / recording video	Interview filming & supplementary footage	Quay phỏng vấn, tư liệu bổ sung	Package	Gói	5000000.00	5000000.00	5000000.00			48
design	G	VIDEO PRODUCTION — PRODUCTION & POST	SẢN XUẤT VIDEO — SẢN XUẤT & HẬU KỲ	7	Event recap video editing	Dựng video recap sự kiện	Post-event recap editing	Dựng recap sau sự kiện	Package	Gói	8000000.00	8000000.00	8000000.00	From this rate upward depending on effects required	Giá từ rate card trở lên tuỳ yêu cầu hiệu ứng	49
design	H	REFERENCE VIDEO PACKAGES (ALL-IN)	GÓI VIDEO THAM CHIẾU (TRỌN GÓI)	1	Opening video, 2 mins	Video Opening 2 phút	10 SB scenes + 8 animation scenes + voice + editor + SFX	10 scene SB + 8 scene animation + voice + editor + SFX	Package	Gói	34000000.00	39000000.00	48000000.00	Basic = short version, without premium voice talent	Basic = phiên bản rút gọn, không voice talent cao cấp	50
design	H	REFERENCE VIDEO PACKAGES (ALL-IN)	GÓI VIDEO THAM CHIẾU (TRỌN GÓI)	2	Key moment video, 2 mins	Video Keymoment 2 phút	12–15 SB scenes + 10–12 animation scenes + editor + SFX	12–15 scene SB + 10–12 scene animation + editor + SFX	Package	Gói	29800000.00	33000000.00	33000000.00			51
design	I	COORDINATION & ADDITIONAL DESIGN FEES	ĐIỀU PHỐI & PHÍ PHÁT SINH THIẾT KẾ	1	Design project account	Account theo dõi dự án thiết kế	Brief, feedback & file handover coordination	Điều phối brief, feedback, bàn giao file	Package	Gói	4000000.00	8000000.00	12000000.00	Applies to design-only scope, without production	Áp dụng khi chỉ làm phần thiết kế, không kèm sản xuất	52
design	I	COORDINATION & ADDITIONAL DESIGN FEES	ĐIỀU PHỐI & PHÍ PHÁT SINH THIẾT KẾ	2	Additional revision round	Vòng chỉnh sửa phát sinh	From the 3rd round onward, charged per item	Từ vòng thứ 3 trở đi, tính trên từng hạng mục	Round	Vòng	0.00	0.00	0.00	Charged at 15–20% of the item rate — fill in case by case	Tính 15–20% giá hạng mục — điền theo từng case	53
design	I	COORDINATION & ADDITIONAL DESIGN FEES	ĐIỀU PHỐI & PHÍ PHÁT SINH THIẾT KẾ	3	Rush fee	Yêu cầu gấp (rush fee)	Under-48h deadline or after-hours/weekend work	Deadline dưới 48h hoặc làm ngoài giờ/cuối tuần	%		0.00	0.00	0.00	Surcharge of 30–50% of the item rate	Phụ thu 30–50% giá hạng mục	54
design	I	COORDINATION & ADDITIONAL DESIGN FEES	ĐIỀU PHỐI & PHÍ PHÁT SINH THIẾT KẾ	4	MC script		MC running script	Kịch bản dẫn chương trình	Package	Gói	0.00	0.00	0.00	Usually FOC when the full production package is signed	Thường FOC khi ký trọn gói sản xuất	55
media	A	EVENT PHOTOGRAPHY	CHỤP ẢNH SỰ KIỆN	1	Event photography — 1 crew (< 4h)	Chụp ảnh sự kiện — 1 nhân sự (< 4h)	Includes basic post-production	Bao gồm hậu kỳ cơ bản	Shift	Ca	4000000.00	4000000.00	4000000.00			1
media	A	EVENT PHOTOGRAPHY	CHỤP ẢNH SỰ KIỆN	2	Event photography — 1 crew (4–8h)	Chụp ảnh sự kiện — 1 nhân sự (4–8h)	Includes basic post-production	Bao gồm hậu kỳ cơ bản	Shift	Ca	6000000.00	6000000.00	6000000.00			2
media	A	EVENT PHOTOGRAPHY	CHỤP ẢNH SỰ KIỆN	3	Event photography — 1 crew (12h)	Chụp ảnh sự kiện — 1 nhân sự (12h)	Includes basic post-production	Bao gồm hậu kỳ cơ bản	Shift	Ca	7000000.00	7000000.00	7000000.00			3
media	A	EVENT PHOTOGRAPHY	CHỤP ẢNH SỰ KIỆN	4	Event photography — 2 crew (< 4h)	Chụp ảnh sự kiện — 2 nhân sự (< 4h)	2 camera angles	2 góc máy	Shift	Ca	6000000.00	6000000.00	6000000.00			4
media	A	EVENT PHOTOGRAPHY	CHỤP ẢNH SỰ KIỆN	5	Event photography — 2 crew (4–8h)	Chụp ảnh sự kiện — 2 nhân sự (4–8h)	2 camera angles	2 góc máy	Shift	Ca	7500000.00	7500000.00	7500000.00			5
media	A	EVENT PHOTOGRAPHY	CHỤP ẢNH SỰ KIỆN	6	Event photography — 2 crew (12h)	Chụp ảnh sự kiện — 2 nhân sự (12h)	2 camera angles	2 góc máy	Shift	Ca	10000000.00	10000000.00	10000000.00			6
media	A	EVENT PHOTOGRAPHY	CHỤP ẢNH SỰ KIỆN	7	Photographer per head	Photographer theo đầu người	Applies when charged per crew member	Áp dụng khi tính theo nhân sự	Person	Người	2500000.00	2500000.00	2500000.00			7
media	A	EVENT PHOTOGRAPHY	CHỤP ẢNH SỰ KIỆN	8	Booth photography — instant QR (2h)	Chụp ảnh tại booth — quét mã lấy liền (2h)	No printing	Không in ảnh	Package	Gói	2000000.00	2000000.00	3000000.00	Premium = 2–4h shift	Premium = ca 2–4h	8
media	A	EVENT PHOTOGRAPHY	CHỤP ẢNH SỰ KIỆN	9	In-ballroom photography	Chụp ảnh trong hội trường	Scientific session / ballroom coverage	Chụp phiên khoa học/hội trường	Package	Gói	2000000.00	2000000.00	2000000.00			9
media	A	EVENT PHOTOGRAPHY	CHỤP ẢNH SỰ KIỆN	10	Drone / flycam	Flycam	Flight permit for the booked area included	Đã bao gồm giấy phép bay tại khu vực book	Package	Gói	15000000.00	15000000.00	15000000.00			10
media	B	EVENT VIDEOGRAPHY	QUAY PHIM SỰ KIỆN	1	Videography — 1 crew (< 4h)	Quay phim — 1 nhân sự (< 4h)	1 camera		Shift	Ca	4000000.00	4000000.00	4000000.00			11
media	B	EVENT VIDEOGRAPHY	QUAY PHIM SỰ KIỆN	2	Videography — 1 crew (4–8h)	Quay phim — 1 nhân sự (4–8h)	1 camera		Shift	Ca	6000000.00	6000000.00	6000000.00			12
media	B	EVENT VIDEOGRAPHY	QUAY PHIM SỰ KIỆN	3	Videography — 1 crew (12h)	Quay phim — 1 nhân sự (12h)	1 camera		Shift	Ca	7000000.00	7000000.00	7000000.00			13
media	B	EVENT VIDEOGRAPHY	QUAY PHIM SỰ KIỆN	4	Videography — 2 crew (4–8h)	Quay phim — 2 nhân sự (4–8h)	2 cameras: 1 wide, 1 tight	2 camera: 1 toàn, 1 cận	Shift	Ca	7500000.00	7500000.00	7500000.00			14
media	B	EVENT VIDEOGRAPHY	QUAY PHIM SỰ KIỆN	5	Videography — 2 crew (12h)	Quay phim — 2 nhân sự (12h)	2 cameras: 1 wide, 1 tight	2 camera: 1 toàn, 1 cận	Shift	Ca	10000000.00	10000000.00	10000000.00			15
media	B	EVENT VIDEOGRAPHY	QUAY PHIM SỰ KIỆN	6	Conference filming — 2-cam package	Quay phim hội nghị — trọn gói 2 cam	2 cameras (1 wide, 1 tight) + speaker session filming	2 cam (1 toàn 1 cận) + quay bài giảng speaker	Package	Gói	5000000.00	7000000.00	7000000.00			16
media	C	LIVESTREAM & WEBINAR		1	Livestream basic package (2–4h)	Livestream gói cơ bản (2–4h)	1 technician + 1 Sony cam + ATAS 2 lights/green screen/mic + 2 laptops + account + video trim + 55" TV + logistics	1 KT + 1 cam Sony + ATAS 2 đèn/phông xanh/mic + 2 laptop + account + cắt video + TV 55" + logistic	Package	Gói	25500000.00	25500000.00	25500000.00			17
media	C	LIVESTREAM & WEBINAR		2	Livestream basic package (4–8h)	Livestream gói cơ bản (4–8h)	As above, extended shift	Như trên, ca dài	Package	Gói	29500000.00	29500000.00	29500000.00			18
media	C	LIVESTREAM & WEBINAR		3	Livestream advanced package (2–4h)	Livestream gói nâng cao (2–4h)	1 technician + 2 cams + ATAS 4 lights/2 mics + 2 laptops + account + video trim + 65" TV + logistics	1 KT + 2 cam + ATAS 4 đèn/2 mic + 2 laptop + account + cắt video + TV 65" + logistic	Package	Gói	32000000.00	32000000.00	32000000.00			19
media	C	LIVESTREAM & WEBINAR		4	Livestream advanced package (4–8h)	Livestream gói nâng cao (4–8h)	As above, extended shift	Như trên, ca dài	Package	Gói	36000000.00	36000000.00	36000000.00			20
media	C	LIVESTREAM & WEBINAR		5	Multi-site livestream HCM & HN (2–4h)	Livestream thông 2 đầu cầu HCM & HN (2–4h)	2 technicians + 4 cams + ATAS 6 lights/6 mics + 4 laptops + 2 accounts + 2× 55" TV	2 KT + 4 cam + ATAS 6 đèn/6 mic + 4 laptop + 2 account + 2 TV 55"	Package	Gói	52000000.00	52000000.00	52000000.00			21
media	C	LIVESTREAM & WEBINAR		6	Multi-site livestream HCM & HN (4–8h)	Livestream thông 2 đầu cầu HCM & HN (4–8h)	As above, extended shift	Như trên, ca dài	Package	Gói	58000000.00	58000000.00	58000000.00			22
media	C	LIVESTREAM & WEBINAR		7	Lean livestream at conference	Livestream tinh gọn tại hội nghị	Crew + equipment, integrated with the in-house AV system	Kỹ thuật + thiết bị, tích hợp hệ thống hội trường	Package	Gói	13000000.00	15000000.00	15000000.00	Used when in-house ballroom AV is already available	Dùng khi đã có AV hội trường	23
media	C	LIVESTREAM & WEBINAR		8	Webinar package (Zoom, 3,000 attendees)	Gói Webinar (Zoom 3.000 người)	Zoom account, invite link, post-test link, audio mixer, 5 handheld mics, 1 gooseneck mic, monitor, clicker, Kramer HDMI	Zoom account, link mời, post-test link, audio mixer, 5 mic cầm tay, 1 mic cổ ngỗng, monitor, clicker, Kramer HDMI	Package	Gói	4500000.00	4500000.00	4500000.00			24
media	C	LIVESTREAM & WEBINAR		9	Video trimming for platform upload	Chỉnh sửa & cắt video đăng nền tảng	Clip editing for social / internal upload	Cắt clip đăng social/nội bộ	Package	Gói	2000000.00	2000000.00	2000000.00			25
media	D	BRAND PHOTOGRAPHY	CHỤP ẢNH THƯƠNG HIỆU	1	Facility / hotel / restaurant shoot	Facet công trình / khách sạn / nhà hàng	30 retouched photos covering all angles, 4-hour shoot	30 ảnh retouch đủ các góc, chụp trong 4h	Package	Gói	15000000.00	15000000.00	15000000.00			26
media	D	BRAND PHOTOGRAPHY	CHỤP ẢNH THƯƠNG HIỆU	2	F&B — white background	F&B — ảnh nền trắng	Per dish/item	Tính theo món	Dish/Item	Món	300000.00	300000.00	300000.00			27
media	D	BRAND PHOTOGRAPHY	CHỤP ẢNH THƯƠNG HIỆU	3	F&B — concept shot	F&B — ảnh concept	Per photo	Tính theo ảnh	Photo	Ảnh	1200000.00	1200000.00	1200000.00			28
media	D	BRAND PHOTOGRAPHY	CHỤP ẢNH THƯƠNG HIỆU	4	Product — white background	Product — ảnh nền trắng	Per dish/item	Tính theo món	Dish/Item	Món	2000000.00	2000000.00	2000000.00			29
media	D	BRAND PHOTOGRAPHY	CHỤP ẢNH THƯƠNG HIỆU	5	Product — concept shot	Product — ảnh concept	Per dish/item	Tính theo món	Dish/Item	Món	1200000.00	1200000.00	1200000.00			30
media	D	BRAND PHOTOGRAPHY	CHỤP ẢNH THƯƠNG HIỆU	6	Corporate portrait — basic	Portrait doanh nghiệp — gói cơ bản	2 outfits, 30 retouched photos, no makeup, 1h30	2 outfits, retouch 30 ảnh, no makeup, 1h30	Package	Gói	0.00	0.00	0.00	RATE PENDING — to be filled in by APSA	CHƯA CÓ GIÁ — cần APSA điền	31
media	D	BRAND PHOTOGRAPHY	CHỤP ẢNH THƯƠNG HIỆU	7	Corporate portrait — advanced	Portrait doanh nghiệp — gói nâng cao	3 outfits, 40 retouched photos, no makeup, 2h30	3 outfits, retouch 40 ảnh, no makeup, 2h30	Package	Gói	0.00	0.00	0.00	RATE PENDING — to be filled in by APSA	CHƯA CÓ GIÁ — cần APSA điền	32
printing	A	DELEGATE COLLATERAL	ẤN PHẨM ĐẠI BIỂU	1	Invitation — basic folded with diecut	Thiệp mời — gập cơ bản có diecut	Art paper, diecut per design	Giấy mỹ thuật, diecut theo thiết kế	Pc	Cái	35000.00	35000.00	45000.00	Premium: specialty paper / foil stamping	Premium: giấy đặc biệt/ép kim	1
printing	A	DELEGATE COLLATERAL	ẤN PHẨM ĐẠI BIỂU	2	Invitation — premium	Thiệp mời — cao cấp	Premium box/card with special finishing	Hộp/thiệp cao cấp, gia công đặc biệt	Pc	Cái	100000.00	120000.00	120000.00			2
printing	A	DELEGATE COLLATERAL	ẤN PHẨM ĐẠI BIỂU	3	Handout booklet	Handout / cuốn tài liệu	Black-and-white print, bound	In trắng đen, đóng cuốn	Book	Cuốn	65000.00	65000.00	65000.00			3
printing	A	DELEGATE COLLATERAL	ẤN PHẨM ĐẠI BIỂU	4	Lanyard + name badge	Dây đeo + thẻ tên đại biểu	Logo-printed lanyard + plastic badge	Dây in logo + thẻ nhựa	Set	Bộ	45000.00	65000.00	95000.00	Variance driven by lanyard & badge material	Chênh lệch do chất liệu dây & thẻ	4
printing	A	DELEGATE COLLATERAL	ẤN PHẨM ĐẠI BIỂU	5	Speaker / chairperson nametag	Bảng tên speaker / ban chủ toạ	Table name plate	Bảng tên để bàn	Pc	Cái	20000.00	20000.00	20000.00			5
printing	A	DELEGATE COLLATERAL	ẤN PHẨM ĐẠI BIỂU	6	Q&A sheet		Pre-printed question slip	Phiếu câu hỏi in sẵn	Pc	Cái	20000.00	20000.00	20000.00			6
printing	A	DELEGATE COLLATERAL	ẤN PHẨM ĐẠI BIỂU	7	MC folder	Bìa MC	Script folder for the MC	Bìa kịch bản cho MC	Pc	Cái	15000.00	15000.00	15000.00	Usually FOC with the full package	Thường FOC khi trọn gói	7
printing	A	DELEGATE COLLATERAL	ẤN PHẨM ĐẠI BIỂU	8	Hanger	Hanger / móc treo	Hanger for printed materials	Móc treo ấn phẩm	Pc	Cái	45000.00	45000.00	45000.00			8
printing	A	DELEGATE COLLATERAL	ẤN PHẨM ĐẠI BIỂU	9	Custom cup wrap	Quấn ly nước theo thiết kế	Printed cup wrap per KV	In wrap ly nước theo KV	Pc	Cái	0.00	0.00	0.00	RATE PENDING — to be filled in by APSA	CHƯA CÓ GIÁ — cần APSA điền	9
printing	B	ON-SITE COMMUNICATION COLLATERAL	ẤN PHẨM TRUYỀN THÔNG TẠI SITE	1	Standee		Roll-up standee 0.8×2m, PP print, matte lamination	Standee cuốn 0,8×2m, in PP cán mờ	Pc	Cái	600000.00	600000.00	600000.00			10
printing	B	ON-SITE COMMUNICATION COLLATERAL	ẤN PHẨM TRUYỀN THÔNG TẠI SITE	2	Handheld hashtag	Hashtag cầm tay	Decal on 8mm foam board, matte lamination, diecut	Decal bồi format 8mm, cán mờ, diecut	Pc	Cái	150000.00	200000.00	250000.00			11
printing	B	ON-SITE COMMUNICATION COLLATERAL	ẤN PHẨM TRUYỀN THÔNG TẠI SITE	3	Podium (printed wrap)	Podium / bục phát biểu (in ốp)	Decal wrap per KV	Ốp decal theo KV	Pc	Cái	800000.00	800000.00	800000.00	Usually FOC with the full production package	Thường FOC khi trọn gói sản xuất	12
printing	B	ON-SITE COMMUNICATION COLLATERAL	ẤN PHẨM TRUYỀN THÔNG TẠI SITE	4	Laser-print giveaway	Tia laser (ấn phẩm quà tặng)	Laser-finished giveaway item	Ấn phẩm gia công tia laser	Pc	Cái	32000.00	32000.00	32000.00			13
printing	B	ON-SITE COMMUNICATION COLLATERAL	ẤN PHẨM TRUYỀN THÔNG TẠI SITE	5	Hi-flex backdrop	Backdrop hi-flex	Hi-flex stretched wall 3×2.5m	Vách căng bạt hi-flex 3×2,5m	Package	Gói	6000000.00	6000000.00	6000000.00			14
printing	B	ON-SITE COMMUNICATION COLLATERAL	ẤN PHẨM TRUYỀN THÔNG TẠI SITE	6	Large KV diecut décor	Diecut trang trí lớn theo KV	E.g. train, campaign icon	VD: đoàn tàu, biểu tượng chiến dịch	Package	Gói	9000000.00	9000000.00	9000000.00			15